nom_client,volume_vente,categorie_produit,latitude,longitude
Eichenberger Ritter AG,421929,Protéines d'insectes pour alimentation animale,46.18396,6.10237
Eichenberger Ritter AG,0,Barres protéinées,46.18396,6.10237
Eichenberger Ritter AG,0,Ingrédients protéiques pour nutrition sportive,46.18396,6.10237
Eichenberger Ritter AG,0,Farine protéique pour alimentation humaine,46.18396,6.10237
Eichenberger Ritter AG,0,Huile d'insectes,46.18396,6.10237
Eichenberger Ritter AG,0,Insectes en vrac,46.18396,6.10237
Köster AG,0,Protéines d'insectes pour alimentation animale,48.73218,11.18709
Köster AG,0,Barres protéinées,48.73218,11.18709
Köster AG,0,Ingrédients protéiques pour nutrition sportive,48.73218,11.18709
Köster AG,0,Farine protéique pour alimentation humaine,48.73218,11.18709
Köster AG,0,Huile d'insectes,48.73218,11.18709
Köster AG,99645,Insectes en vrac,48.73218,11.18709
Ditschlerin AG,0,Protéines d'insectes pour alimentation animale,50.23805,8.86704
Ditschlerin AG,0,Barres protéinées,50.23805,8.86704
Ditschlerin AG,99785,Ingrédients protéiques pour nutrition sportive,50.23805,8.86704
Ditschlerin AG,0,Farine protéique pour alimentation humaine,50.23805,8.86704
Ditschlerin AG,0,Huile d'insectes,50.23805,8.86704
Ditschlerin AG,0,Insectes en vrac,50.23805,8.86704
Adam & Bock AG,0,Protéines d'insectes pour alimentation animale,48.25,16.4
Adam & Bock AG,0,Barres protéinées,48.25,16.4
Adam & Bock AG,0,Ingrédients protéiques pour nutrition sportive,48.25,16.4
Adam & Bock AG,0,Farine protéique pour alimentation humaine,48.25,16.4
Adam & Bock AG,0,Huile d'insectes,48.25,16.4
Adam & Bock AG,408565,Insectes en vrac,48.25,16.4
유한회사 마루코스메틱,633336,Protéines d'insectes pour alimentation animale,36.6009,126.665
유한회사 마루코스메틱,0,Barres protéinées,36.6009,126.665
유한회사 마루코스메틱,0,Ingrédients protéiques pour nutrition sportive,36.6009,126.665
유한회사 마루코스메틱,0,Farine protéique pour alimentation humaine,36.6009,126.665
유한회사 마루코스메틱,0,Huile d'insectes,36.6009,126.665
유한회사 마루코스메틱,0,Insectes en vrac,36.6009,126.665
Tůma,0,Protéines d'insectes pour alimentation animale,50.171283,13.554483
Tůma,0,Barres protéinées,50.171283,13.554483
Tůma,0,Ingrédients protéiques pour nutrition sportive,50.171283,13.554483
Tůma,0,Farine protéique pour alimentation humaine,50.171283,13.554483
Tůma,513698,Huile d'insectes,50.171283,13.554483
Tůma,0,Insectes en vrac,50.171283,13.554483
Greco-Devos,0,Protéines d'insectes pour alimentation animale,50.71229,4.52529
Greco-Devos,0,Barres protéinées,50.71229,4.52529
Greco-Devos,0,Ingrédients protéiques pour nutrition sportive,50.71229,4.52529
Greco-Devos,403501,Farine protéique pour alimentation humaine,50.71229,4.52529
Greco-Devos,0,Huile d'insectes,50.71229,4.52529
Greco-Devos,0,Insectes en vrac,50.71229,4.52529
Lopes Nunes S/A,0,Protéines d'insectes pour alimentation animale,37.74615,-25.66689
Lopes Nunes S/A,0,Barres protéinées,37.74615,-25.66689
Lopes Nunes S/A,0,Ingrédients protéiques pour nutrition sportive,37.74615,-25.66689
Lopes Nunes S/A,0,Farine protéique pour alimentation humaine,37.74615,-25.66689
Lopes Nunes S/A,623603,Huile d'insectes,37.74615,-25.66689
Lopes Nunes S/A,0,Insectes en vrac,37.74615,-25.66689
Laakkonen Oyj,0,Protéines d'insectes pour alimentation animale,65.84811,24.14662
Laakkonen Oyj,404055,Barres protéinées,65.84811,24.14662
Laakkonen Oyj,0,Ingrédients protéiques pour nutrition sportive,65.84811,24.14662
Laakkonen Oyj,0,Farine protéique pour alimentation humaine,65.84811,24.14662
Laakkonen Oyj,0,Huile d'insectes,65.84811,24.14662
Laakkonen Oyj,0,Insectes en vrac,65.84811,24.14662
De Oliveira,497478,Protéines d'insectes pour alimentation animale,50.75,2.25
De Oliveira,0,Barres protéinées,50.75,2.25
De Oliveira,0,Ingrédients protéiques pour nutrition sportive,50.75,2.25
De Oliveira,0,Farine protéique pour alimentation humaine,50.75,2.25
De Oliveira,0,Huile d'insectes,50.75,2.25
De Oliveira,0,Insectes en vrac,50.75,2.25
TUI,0,Protéines d'insectes pour alimentation animale,52.57583,6.61944
TUI,0,Barres protéinées,52.57583,6.61944
TUI,0,Ingrédients protéiques pour nutrition sportive,52.57583,6.61944
TUI,703357,Farine protéique pour alimentation humaine,52.57583,6.61944
TUI,0,Huile d'insectes,52.57583,6.61944
TUI,0,Insectes en vrac,52.57583,6.61944
Watson-Cox,0,Protéines d'insectes pour alimentation animale,-34.28853,146.05093
Watson-Cox,0,Barres protéinées,-34.28853,146.05093
Watson-Cox,312507,Ingrédients protéiques pour nutrition sportive,-34.28853,146.05093
Watson-Cox,0,Farine protéique pour alimentation humaine,-34.28853,146.05093
Watson-Cox,0,Huile d'insectes,-34.28853,146.05093
Watson-Cox,0,Insectes en vrac,-34.28853,146.05093
(주) 브레인,0,Protéines d'insectes pour alimentation animale,36.6009,126.665
(주) 브레인,0,Barres protéinées,36.6009,126.665
(주) 브레인,0,Ingrédients protéiques pour nutrition sportive,36.6009,126.665
(주) 브레인,101852,Farine protéique pour alimentation humaine,36.6009,126.665
(주) 브레인,0,Huile d'insectes,36.6009,126.665
(주) 브레인,0,Insectes en vrac,36.6009,126.665
Laboratorio González y Asociados S.p.A.,94838,Protéines d'insectes pour alimentation animale,-32.45242,-71.23106
Laboratorio González y Asociados S.p.A.,0,Barres protéinées,-32.45242,-71.23106
Laboratorio González y Asociados S.p.A.,0,Ingrédients protéiques pour nutrition sportive,-32.45242,-71.23106
Laboratorio González y Asociados S.p.A.,0,Farine protéique pour alimentation humaine,-32.45242,-71.23106
Laboratorio González y Asociados S.p.A.,0,Huile d'insectes,-32.45242,-71.23106
Laboratorio González y Asociados S.p.A.,0,Insectes en vrac,-32.45242,-71.23106
Fontaine,0,Protéines d'insectes pour alimentation animale,48.8222,2.12213
Fontaine,0,Barres protéinées,48.8222,2.12213
Fontaine,0,Ingrédients protéiques pour nutrition sportive,48.8222,2.12213
Fontaine,742517,Farine protéique pour alimentation humaine,48.8222,2.12213
Fontaine,0,Huile d'insectes,48.8222,2.12213
Fontaine,0,Insectes en vrac,48.8222,2.12213
"Ramírez, Moreno y Acevedo Limitada",0,Protéines d'insectes pour alimentation animale,-36.9256,-73.02841
"Ramírez, Moreno y Acevedo Limitada",0,Barres protéinées,-36.9256,-73.02841
"Ramírez, Moreno y Acevedo Limitada",653124,Ingrédients protéiques pour nutrition sportive,-36.9256,-73.02841
"Ramírez, Moreno y Acevedo Limitada",0,Farine protéique pour alimentation humaine,-36.9256,-73.02841
"Ramírez, Moreno y Acevedo Limitada",0,Huile d'insectes,-36.9256,-73.02841
"Ramírez, Moreno y Acevedo Limitada",0,Insectes en vrac,-36.9256,-73.02841
Taylor PLC,0,Protéines d'insectes pour alimentation animale,43.91452,-69.96533
Taylor PLC,0,Barres protéinées,43.91452,-69.96533
Taylor PLC,0,Ingrédients protéiques pour nutrition sportive,43.91452,-69.96533
Taylor PLC,0,Farine protéique pour alimentation humaine,43.91452,-69.96533
Taylor PLC,0,Huile d'insectes,43.91452,-69.96533
Taylor PLC,82268,Insectes en vrac,43.91452,-69.96533
Herrera-Gomez,656657,Protéines d'insectes pour alimentation animale,-31.4488,-60.93173
Herrera-Gomez,0,Barres protéinées,-31.4488,-60.93173
Herrera-Gomez,0,Ingrédients protéiques pour nutrition sportive,-31.4488,-60.93173
Herrera-Gomez,0,Farine protéique pour alimentation humaine,-31.4488,-60.93173
Herrera-Gomez,0,Huile d'insectes,-31.4488,-60.93173
Herrera-Gomez,0,Insectes en vrac,-31.4488,-60.93173
Garcia-Fernandez,79857,Protéines d'insectes pour alimentation animale,-34.64966,-58.38341
Garcia-Fernandez,0,Barres protéinées,-34.64966,-58.38341
Garcia-Fernandez,0,Ingrédients protéiques pour nutrition sportive,-34.64966,-58.38341
Garcia-Fernandez,0,Farine protéique pour alimentation humaine,-34.64966,-58.38341
Garcia-Fernandez,0,Huile d'insectes,-34.64966,-58.38341
Garcia-Fernandez,0,Insectes en vrac,-34.64966,-58.38341
"Comercial León, Zapata y Burgos Sociedad Anónima",0,Protéines d'insectes pour alimentation animale,-30.60106,-71.19901
"Comercial León, Zapata y Burgos Sociedad Anónima",389476,Barres protéinées,-30.60106,-71.19901
"Comercial León, Zapata y Burgos Sociedad Anónima",0,Ingrédients protéiques pour nutrition sportive,-30.60106,-71.19901
"Comercial León, Zapata y Burgos Sociedad Anónima",0,Farine protéique pour alimentation humaine,-30.60106,-71.19901
"Comercial León, Zapata y Burgos Sociedad Anónima",0,Huile d'insectes,-30.60106,-71.19901
"Comercial León, Zapata y Burgos Sociedad Anónima",0,Insectes en vrac,-30.60106,-71.19901
Ray-Shukla,0,Protéines d'insectes pour alimentation animale,24.81757,84.63445
Ray-Shukla,0,Barres protéinées,24.81757,84.63445
Ray-Shukla,0,Ingrédients protéiques pour nutrition sportive,24.81757,84.63445
Ray-Shukla,0,Farine protéique pour alimentation humaine,24.81757,84.63445
Ray-Shukla,481471,Huile d'insectes,24.81757,84.63445
Ray-Shukla,0,Insectes en vrac,24.81757,84.63445
Aguirre-Moore,0,Protéines d'insectes pour alimentation animale,41.48199,-81.79819
Aguirre-Moore,0,Barres protéinées,41.48199,-81.79819
Aguirre-Moore,0,Ingrédients protéiques pour nutrition sportive,41.48199,-81.79819
Aguirre-Moore,724916,Farine protéique pour alimentation humaine,41.48199,-81.79819
Aguirre-Moore,0,Huile d'insectes,41.48199,-81.79819
Aguirre-Moore,0,Insectes en vrac,41.48199,-81.79819
Renaud Rolland S.A.,0,Protéines d'insectes pour alimentation animale,48.86667,2.08333
Renaud Rolland S.A.,0,Barres protéinées,48.86667,2.08333
Renaud Rolland S.A.,0,Ingrédients protéiques pour nutrition sportive,48.86667,2.08333
Renaud Rolland S.A.,720242,Farine protéique pour alimentation humaine,48.86667,2.08333
Renaud Rolland S.A.,0,Huile d'insectes,48.86667,2.08333
Renaud Rolland S.A.,0,Insectes en vrac,48.86667,2.08333
Palacio y asociados S.Coop.,0,Protéines d'insectes pour alimentation animale,41.63976,2.35739
Palacio y asociados S.Coop.,0,Barres protéinées,41.63976,2.35739
Palacio y asociados S.Coop.,0,Ingrédients protéiques pour nutrition sportive,41.63976,2.35739
Palacio y asociados S.Coop.,748680,Farine protéique pour alimentation humaine,41.63976,2.35739
Palacio y asociados S.Coop.,0,Huile d'insectes,41.63976,2.35739
Palacio y asociados S.Coop.,0,Insectes en vrac,41.63976,2.35739
Maillard,0,Protéines d'insectes pour alimentation animale,48.86667,2.08333
Maillard,81353,Barres protéinées,48.86667,2.08333
Maillard,0,Ingrédients protéiques pour nutrition sportive,48.86667,2.08333
Maillard,0,Farine protéique pour alimentation humaine,48.86667,2.08333
Maillard,0,Huile d'insectes,48.86667,2.08333
Maillard,0,Insectes en vrac,48.86667,2.08333
Oliver LLC,0,Protéines d'insectes pour alimentation animale,-44.39672,171.25364
Oliver LLC,0,Barres protéinées,-44.39672,171.25364
Oliver LLC,0,Ingrédients protéiques pour nutrition sportive,-44.39672,171.25364
Oliver LLC,0,Farine protéique pour alimentation humaine,-44.39672,171.25364
Oliver LLC,0,Huile d'insectes,-44.39672,171.25364
Oliver LLC,237322,Insectes en vrac,-44.39672,171.25364
FPUH Szarejko Sp.j.,0,Protéines d'insectes pour alimentation animale,50.87033,20.62752
FPUH Szarejko Sp.j.,0,Barres protéinées,50.87033,20.62752
FPUH Szarejko Sp.j.,0,Ingrédients protéiques pour nutrition sportive,50.87033,20.62752
FPUH Szarejko Sp.j.,0,Farine protéique pour alimentation humaine,50.87033,20.62752
FPUH Szarejko Sp.j.,161271,Huile d'insectes,50.87033,20.62752
FPUH Szarejko Sp.j.,0,Insectes en vrac,50.87033,20.62752
Mäenpää Kujala Oyj,0,Protéines d'insectes pour alimentation animale,60.2052,24.6522
Mäenpää Kujala Oyj,561019,Barres protéinées,60.2052,24.6522
Mäenpää Kujala Oyj,0,Ingrédients protéiques pour nutrition sportive,60.2052,24.6522
Mäenpää Kujala Oyj,0,Farine protéique pour alimentation humaine,60.2052,24.6522
Mäenpää Kujala Oyj,0,Huile d'insectes,60.2052,24.6522
Mäenpää Kujala Oyj,0,Insectes en vrac,60.2052,24.6522
Debroux Ltd,0,Protéines d'insectes pour alimentation animale,50.8,3.16667
Debroux Ltd,0,Barres protéinées,50.8,3.16667
Debroux Ltd,0,Ingrédients protéiques pour nutrition sportive,50.8,3.16667
Debroux Ltd,0,Farine protéique pour alimentation humaine,50.8,3.16667
Debroux Ltd,477998,Huile d'insectes,50.8,3.16667
Debroux Ltd,0,Insectes en vrac,50.8,3.16667
Raymond SARL,506449,Protéines d'insectes pour alimentation animale,48.0,-4.1
Raymond SARL,0,Barres protéinées,48.0,-4.1
Raymond SARL,0,Ingrédients protéiques pour nutrition sportive,48.0,-4.1
Raymond SARL,0,Farine protéique pour alimentation humaine,48.0,-4.1
Raymond SARL,0,Huile d'insectes,48.0,-4.1
Raymond SARL,0,Insectes en vrac,48.0,-4.1
Sandoval LLC,722698,Protéines d'insectes pour alimentation animale,-34.88422,150.60036
Sandoval LLC,0,Barres protéinées,-34.88422,150.60036
Sandoval LLC,0,Ingrédients protéiques pour nutrition sportive,-34.88422,150.60036
Sandoval LLC,0,Farine protéique pour alimentation humaine,-34.88422,150.60036
Sandoval LLC,0,Huile d'insectes,-34.88422,150.60036
Sandoval LLC,0,Insectes en vrac,-34.88422,150.60036
佐々木水産株式会社,0,Protéines d'insectes pour alimentation animale,36.24624,139.07204
佐々木水産株式会社,0,Barres protéinées,36.24624,139.07204
佐々木水産株式会社,0,Ingrédients protéiques pour nutrition sportive,36.24624,139.07204
佐々木水産株式会社,485727,Farine protéique pour alimentation humaine,36.24624,139.07204
佐々木水産株式会社,0,Huile d'insectes,36.24624,139.07204
佐々木水産株式会社,0,Insectes en vrac,36.24624,139.07204
"Christensen, Sandvik og Tveit",0,Protéines d'insectes pour alimentation animale,68.79833,16.54165
"Christensen, Sandvik og Tveit",0,Barres protéinées,68.79833,16.54165
"Christensen, Sandvik og Tveit",0,Ingrédients protéiques pour nutrition sportive,68.79833,16.54165
"Christensen, Sandvik og Tveit",0,Farine protéique pour alimentation humaine,68.79833,16.54165
"Christensen, Sandvik og Tveit",0,Huile d'insectes,68.79833,16.54165
"Christensen, Sandvik og Tveit",370616,Insectes en vrac,68.79833,16.54165
"Docquier, Massart and Dieu",0,Protéines d'insectes pour alimentation animale,51.21187,4.25633
"Docquier, Massart and Dieu",642310,Barres protéinées,51.21187,4.25633
"Docquier, Massart and Dieu",0,Ingrédients protéiques pour nutrition sportive,51.21187,4.25633
"Docquier, Massart and Dieu",0,Farine protéique pour alimentation humaine,51.21187,4.25633
"Docquier, Massart and Dieu",0,Huile d'insectes,51.21187,4.25633
"Docquier, Massart and Dieu",0,Insectes en vrac,51.21187,4.25633
佳禾信息有限公司,0,Protéines d'insectes pour alimentation animale,34.85,117.33333
佳禾信息有限公司,657205,Barres protéinées,34.85,117.33333
佳禾信息有限公司,0,Ingrédients protéiques pour nutrition sportive,34.85,117.33333
佳禾信息有限公司,0,Farine protéique pour alimentation humaine,34.85,117.33333
佳禾信息有限公司,0,Huile d'insectes,34.85,117.33333
佳禾信息有限公司,0,Insectes en vrac,34.85,117.33333
Christiansen & Lind A/S,0,Protéines d'insectes pour alimentation animale,55.67938,12.53463
Christiansen & Lind A/S,0,Barres protéinées,55.67938,12.53463
Christiansen & Lind A/S,0,Ingrédients protéiques pour nutrition sportive,55.67938,12.53463
Christiansen & Lind A/S,0,Farine protéique pour alimentation humaine,55.67938,12.53463
Christiansen & Lind A/S,0,Huile d'insectes,55.67938,12.53463
Christiansen & Lind A/S,723195,Insectes en vrac,55.67938,12.53463
(유) 에코푸른시스템즈,563102,Protéines d'insectes pour alimentation animale,34.8825,128.62667
(유) 에코푸른시스템즈,0,Barres protéinées,34.8825,128.62667
(유) 에코푸른시스템즈,0,Ingrédients protéiques pour nutrition sportive,34.8825,128.62667
(유) 에코푸른시스템즈,0,Farine protéique pour alimentation humaine,34.8825,128.62667
(유) 에코푸른시스템즈,0,Huile d'insectes,34.8825,128.62667
(유) 에코푸른시스템즈,0,Insectes en vrac,34.8825,128.62667
Loibl & Ertl KG,0,Protéines d'insectes pour alimentation animale,48.25,16.4
Loibl & Ertl KG,540330,Barres protéinées,48.25,16.4
Loibl & Ertl KG,0,Ingrédients protéiques pour nutrition sportive,48.25,16.4
Loibl & Ertl KG,0,Farine protéique pour alimentation humaine,48.25,16.4
Loibl & Ertl KG,0,Huile d'insectes,48.25,16.4
Loibl & Ertl KG,0,Insectes en vrac,48.25,16.4
Bruun ApS,0,Protéines d'insectes pour alimentation animale,55.67938,12.53463
Bruun ApS,0,Barres protéinées,55.67938,12.53463
Bruun ApS,0,Ingrédients protéiques pour nutrition sportive,55.67938,12.53463
Bruun ApS,0,Farine protéique pour alimentation humaine,55.67938,12.53463
Bruun ApS,0,Huile d'insectes,55.67938,12.53463
Bruun ApS,197550,Insectes en vrac,55.67938,12.53463
Marin Gheorghiu CON,0,Protéines d'insectes pour alimentation animale,44.43579,26.01649
Marin Gheorghiu CON,0,Barres protéinées,44.43579,26.01649
Marin Gheorghiu CON,0,Ingrédients protéiques pour nutrition sportive,44.43579,26.01649
Marin Gheorghiu CON,456811,Farine protéique pour alimentation humaine,44.43579,26.01649
Marin Gheorghiu CON,0,Huile d'insectes,44.43579,26.01649
Marin Gheorghiu CON,0,Insectes en vrac,44.43579,26.01649
"Shroff, Solanki and Dhar",0,Protéines d'insectes pour alimentation animale,30.81383,75.16878
"Shroff, Solanki and Dhar",0,Barres protéinées,30.81383,75.16878
"Shroff, Solanki and Dhar",0,Ingrédients protéiques pour nutrition sportive,30.81383,75.16878
"Shroff, Solanki and Dhar",0,Farine protéique pour alimentation humaine,30.81383,75.16878
"Shroff, Solanki and Dhar",0,Huile d'insectes,30.81383,75.16878
"Shroff, Solanki and Dhar",577720,Insectes en vrac,30.81383,75.16878
Pereira Macedo S/A,0,Protéines d'insectes pour alimentation animale,37.08819,-8.2503
Pereira Macedo S/A,193427,Barres protéinées,37.08819,-8.2503
Pereira Macedo S/A,0,Ingrédients protéiques pour nutrition sportive,37.08819,-8.2503
Pereira Macedo S/A,0,Farine protéique pour alimentation humaine,37.08819,-8.2503
Pereira Macedo S/A,0,Huile d'insectes,37.08819,-8.2503
Pereira Macedo S/A,0,Insectes en vrac,37.08819,-8.2503
van der Wal BV,0,Protéines d'insectes pour alimentation animale,52.57583,6.61944
van der Wal BV,0,Barres protéinées,52.57583,6.61944
van der Wal BV,0,Ingrédients protéiques pour nutrition sportive,52.57583,6.61944
van der Wal BV,0,Farine protéique pour alimentation humaine,52.57583,6.61944
van der Wal BV,361947,Huile d'insectes,52.57583,6.61944
van der Wal BV,0,Insectes en vrac,52.57583,6.61944
Hermanos Coloma S.L.N.E,0,Protéines d'insectes pour alimentation animale,38.47917,-1.325
Hermanos Coloma S.L.N.E,0,Barres protéinées,38.47917,-1.325
Hermanos Coloma S.L.N.E,0,Ingrédients protéiques pour nutrition sportive,38.47917,-1.325
Hermanos Coloma S.L.N.E,0,Farine protéique pour alimentation humaine,38.47917,-1.325
Hermanos Coloma S.L.N.E,0,Huile d'insectes,38.47917,-1.325
Hermanos Coloma S.L.N.E,152511,Insectes en vrac,38.47917,-1.325
Comercial Fernández y González SPA,0,Protéines d'insectes pour alimentation animale,-36.9256,-73.02841
Comercial Fernández y González SPA,0,Barres protéinées,-36.9256,-73.02841
Comercial Fernández y González SPA,176813,Ingrédients protéiques pour nutrition sportive,-36.9256,-73.02841
Comercial Fernández y González SPA,0,Farine protéique pour alimentation humaine,-36.9256,-73.02841
Comercial Fernández y González SPA,0,Huile d'insectes,-36.9256,-73.02841
Comercial Fernández y González SPA,0,Insectes en vrac,-36.9256,-73.02841
Rodriguez-Acosta,0,Protéines d'insectes pour alimentation animale,-34.64167,-60.47389
Rodriguez-Acosta,0,Barres protéinées,-34.64167,-60.47389
Rodriguez-Acosta,0,Ingrédients protéiques pour nutrition sportive,-34.64167,-60.47389
Rodriguez-Acosta,0,Farine protéique pour alimentation humaine,-34.64167,-60.47389
Rodriguez-Acosta,0,Huile d'insectes,-34.64167,-60.47389
Rodriguez-Acosta,214295,Insectes en vrac,-34.64167,-60.47389
Perez-Gregory,0,Protéines d'insectes pour alimentation animale,43.86682,-79.2663
Perez-Gregory,0,Barres protéinées,43.86682,-79.2663
Perez-Gregory,0,Ingrédients protéiques pour nutrition sportive,43.86682,-79.2663
Perez-Gregory,96390,Farine protéique pour alimentation humaine,43.86682,-79.2663
Perez-Gregory,0,Huile d'insectes,43.86682,-79.2663
Perez-Gregory,0,Insectes en vrac,43.86682,-79.2663
Heath-Marsh,0,Protéines d'insectes pour alimentation animale,55.82737,-4.0573
Heath-Marsh,0,Barres protéinées,55.82737,-4.0573
Heath-Marsh,0,Ingrédients protéiques pour nutrition sportive,55.82737,-4.0573
Heath-Marsh,18125,Farine protéique pour alimentation humaine,55.82737,-4.0573
Heath-Marsh,0,Huile d'insectes,55.82737,-4.0573
Heath-Marsh,0,Insectes en vrac,55.82737,-4.0573
"Bartoli, Gatto e Bondumier e figli",0,Protéines d'insectes pour alimentation animale,41.24264,16.50104
"Bartoli, Gatto e Bondumier e figli",0,Barres protéinées,41.24264,16.50104
"Bartoli, Gatto e Bondumier e figli",0,Ingrédients protéiques pour nutrition sportive,41.24264,16.50104
"Bartoli, Gatto e Bondumier e figli",0,Farine protéique pour alimentation humaine,41.24264,16.50104
"Bartoli, Gatto e Bondumier e figli",0,Huile d'insectes,41.24264,16.50104
"Bartoli, Gatto e Bondumier e figli",0,Insectes en vrac,41.24264,16.50104
Heydrich,0,Protéines d'insectes pour alimentation animale,48.35693,10.98461
Heydrich,0,Barres protéinées,48.35693,10.98461
Heydrich,0,Ingrédients protéiques pour nutrition sportive,48.35693,10.98461
Heydrich,0,Farine protéique pour alimentation humaine,48.35693,10.98461
Heydrich,0,Huile d'insectes,48.35693,10.98461
Heydrich,0,Insectes en vrac,48.35693,10.98461
"Abatantuono, Cabrini e Tosto Group",0,Protéines d'insectes pour alimentation animale,44.31771,9.32241
"Abatantuono, Cabrini e Tosto Group",0,Barres protéinées,44.31771,9.32241
"Abatantuono, Cabrini e Tosto Group",0,Ingrédients protéiques pour nutrition sportive,44.31771,9.32241
"Abatantuono, Cabrini e Tosto Group",0,Farine protéique pour alimentation humaine,44.31771,9.32241
"Abatantuono, Cabrini e Tosto Group",0,Huile d'insectes,44.31771,9.32241
"Abatantuono, Cabrini e Tosto Group",0,Insectes en vrac,44.31771,9.32241
Lee and Sons,0,Protéines d'insectes pour alimentation animale,43.86682,-79.2663
Lee and Sons,0,Barres protéinées,43.86682,-79.2663
Lee and Sons,0,Ingrédients protéiques pour nutrition sportive,43.86682,-79.2663
Lee and Sons,0,Farine protéique pour alimentation humaine,43.86682,-79.2663
Lee and Sons,0,Huile d'insectes,43.86682,-79.2663
Lee and Sons,0,Insectes en vrac,43.86682,-79.2663
da Paz,0,Protéines d'insectes pour alimentation animale,-23.7975,-48.59278
da Paz,0,Barres protéinées,-23.7975,-48.59278
da Paz,0,Ingrédients protéiques pour nutrition sportive,-23.7975,-48.59278
da Paz,0,Farine protéique pour alimentation humaine,-23.7975,-48.59278
da Paz,0,Huile d'insectes,-23.7975,-48.59278
da Paz,0,Insectes en vrac,-23.7975,-48.59278
Kristoffersen-Nguyen AS,0,Protéines d'insectes pour alimentation animale,68.79833,16.54165
Kristoffersen-Nguyen AS,0,Barres protéinées,68.79833,16.54165
Kristoffersen-Nguyen AS,0,Ingrédients protéiques pour nutrition sportive,68.79833,16.54165
Kristoffersen-Nguyen AS,0,Farine protéique pour alimentation humaine,68.79833,16.54165
Kristoffersen-Nguyen AS,0,Huile d'insectes,68.79833,16.54165
Kristoffersen-Nguyen AS,0,Insectes en vrac,68.79833,16.54165
Cagney LLC,0,Protéines d'insectes pour alimentation animale,51.555923,-9.26213
Cagney LLC,0,Barres protéinées,51.555923,-9.26213
Cagney LLC,0,Ingrédients protéiques pour nutrition sportive,51.555923,-9.26213
Cagney LLC,0,Farine protéique pour alimentation humaine,51.555923,-9.26213
Cagney LLC,0,Huile d'insectes,51.555923,-9.26213
Cagney LLC,0,Insectes en vrac,51.555923,-9.26213
Little-Elliott,0,Protéines d'insectes pour alimentation animale,-44.39672,171.25364
Little-Elliott,0,Barres protéinées,-44.39672,171.25364
Little-Elliott,0,Ingrédients protéiques pour nutrition sportive,-44.39672,171.25364
Little-Elliott,0,Farine protéique pour alimentation humaine,-44.39672,171.25364
Little-Elliott,0,Huile d'insectes,-44.39672,171.25364
Little-Elliott,0,Insectes en vrac,-44.39672,171.25364
"Holmes, Peterson and Griffith",0,Protéines d'insectes pour alimentation animale,40.65538,-74.38987
"Holmes, Peterson and Griffith",0,Barres protéinées,40.65538,-74.38987
"Holmes, Peterson and Griffith",0,Ingrédients protéiques pour nutrition sportive,40.65538,-74.38987
"Holmes, Peterson and Griffith",0,Farine protéique pour alimentation humaine,40.65538,-74.38987
"Holmes, Peterson and Griffith",0,Huile d'insectes,40.65538,-74.38987
"Holmes, Peterson and Griffith",0,Insectes en vrac,40.65538,-74.38987
Farrissey Group,0,Protéines d'insectes pour alimentation animale,55.194862,-7.836965
Farrissey Group,0,Barres protéinées,55.194862,-7.836965
Farrissey Group,0,Ingrédients protéiques pour nutrition sportive,55.194862,-7.836965
Farrissey Group,0,Farine protéique pour alimentation humaine,55.194862,-7.836965
Farrissey Group,0,Huile d'insectes,55.194862,-7.836965
Farrissey Group,0,Insectes en vrac,55.194862,-7.836965
Subramaniam-Chakrabarti,0,Protéines d'insectes pour alimentation animale,18.18158,76.03889
Subramaniam-Chakrabarti,0,Barres protéinées,18.18158,76.03889
Subramaniam-Chakrabarti,0,Ingrédients protéiques pour nutrition sportive,18.18158,76.03889
Subramaniam-Chakrabarti,0,Farine protéique pour alimentation humaine,18.18158,76.03889
Subramaniam-Chakrabarti,0,Huile d'insectes,18.18158,76.03889
Subramaniam-Chakrabarti,0,Insectes en vrac,18.18158,76.03889
"Williams, Strawbridge and Williams",0,Protéines d'insectes pour alimentation animale,-44.39672,171.25364
"Williams, Strawbridge and Williams",0,Barres protéinées,-44.39672,171.25364
"Williams, Strawbridge and Williams",0,Ingrédients protéiques pour nutrition sportive,-44.39672,171.25364
"Williams, Strawbridge and Williams",0,Farine protéique pour alimentation humaine,-44.39672,171.25364
"Williams, Strawbridge and Williams",0,Huile d'insectes,-44.39672,171.25364
"Williams, Strawbridge and Williams",0,Insectes en vrac,-44.39672,171.25364
"Astudillo, Valenzuela y Urzúa S.A.",0,Protéines d'insectes pour alimentation animale,-36.9256,-73.02841
"Astudillo, Valenzuela y Urzúa S.A.",0,Barres protéinées,-36.9256,-73.02841
"Astudillo, Valenzuela y Urzúa S.A.",0,Ingrédients protéiques pour nutrition sportive,-36.9256,-73.02841
"Astudillo, Valenzuela y Urzúa S.A.",0,Farine protéique pour alimentation humaine,-36.9256,-73.02841
"Astudillo, Valenzuela y Urzúa S.A.",0,Huile d'insectes,-36.9256,-73.02841
"Astudillo, Valenzuela y Urzúa S.A.",0,Insectes en vrac,-36.9256,-73.02841
Parks-Wilson,0,Protéines d'insectes pour alimentation animale,-33.88096,151.07986
Parks-Wilson,0,Barres protéinées,-33.88096,151.07986
Parks-Wilson,0,Ingrédients protéiques pour nutrition sportive,-33.88096,151.07986
Parks-Wilson,0,Farine protéique pour alimentation humaine,-33.88096,151.07986
Parks-Wilson,0,Huile d'insectes,-33.88096,151.07986
Parks-Wilson,0,Insectes en vrac,-33.88096,151.07986
Servais Group,0,Protéines d'insectes pour alimentation animale,50.88506,4.07601
Servais Group,0,Barres protéinées,50.88506,4.07601
Servais Group,0,Ingrédients protéiques pour nutrition sportive,50.88506,4.07601
Servais Group,0,Farine protéique pour alimentation humaine,50.88506,4.07601
Servais Group,0,Huile d'insectes,50.88506,4.07601
Servais Group,0,Insectes en vrac,50.88506,4.07601
有限会社高橋情報,0,Protéines d'insectes pour alimentation animale,34.75856,136.13108
有限会社高橋情報,0,Barres protéinées,34.75856,136.13108
有限会社高橋情報,0,Ingrédients protéiques pour nutrition sportive,34.75856,136.13108
有限会社高橋情報,0,Farine protéique pour alimentation humaine,34.75856,136.13108
有限会社高橋情報,0,Huile d'insectes,34.75856,136.13108
有限会社高橋情報,0,Insectes en vrac,34.75856,136.13108
Avery Ltd,0,Protéines d'insectes pour alimentation animale,-44.39672,171.25364
Avery Ltd,0,Barres protéinées,-44.39672,171.25364
Avery Ltd,0,Ingrédients protéiques pour nutrition sportive,-44.39672,171.25364
Avery Ltd,0,Farine protéique pour alimentation humaine,-44.39672,171.25364
Avery Ltd,0,Huile d'insectes,-44.39672,171.25364
Avery Ltd,0,Insectes en vrac,-44.39672,171.25364
Henderson Group,0,Protéines d'insectes pour alimentation animale,-38.65333,178.00417
Henderson Group,0,Barres protéinées,-38.65333,178.00417
Henderson Group,0,Ingrédients protéiques pour nutrition sportive,-38.65333,178.00417
Henderson Group,0,Farine protéique pour alimentation humaine,-38.65333,178.00417
Henderson Group,0,Huile d'insectes,-38.65333,178.00417
Henderson Group,0,Insectes en vrac,-38.65333,178.00417
Small Ltd,0,Protéines d'insectes pour alimentation animale,-38.65333,178.00417
Small Ltd,0,Barres protéinées,-38.65333,178.00417
Small Ltd,0,Ingrédients protéiques pour nutrition sportive,-38.65333,178.00417
Small Ltd,0,Farine protéique pour alimentation humaine,-38.65333,178.00417
Small Ltd,0,Huile d'insectes,-38.65333,178.00417
Small Ltd,0,Insectes en vrac,-38.65333,178.00417
(유) 월드,0,Protéines d'insectes pour alimentation animale,36.6009,126.665
(유) 월드,0,Barres protéinées,36.6009,126.665
(유) 월드,0,Ingrédients protéiques pour nutrition sportive,36.6009,126.665
(유) 월드,0,Farine protéique pour alimentation humaine,36.6009,126.665
(유) 월드,0,Huile d'insectes,36.6009,126.665
(유) 월드,0,Insectes en vrac,36.6009,126.665
Laboratorio Araya y Escobar SPA,0,Protéines d'insectes pour alimentation animale,-30.60106,-71.19901
Laboratorio Araya y Escobar SPA,0,Barres protéinées,-30.60106,-71.19901
Laboratorio Araya y Escobar SPA,0,Ingrédients protéiques pour nutrition sportive,-30.60106,-71.19901
Laboratorio Araya y Escobar SPA,0,Farine protéique pour alimentation humaine,-30.60106,-71.19901
Laboratorio Araya y Escobar SPA,0,Huile d'insectes,-30.60106,-71.19901
Laboratorio Araya y Escobar SPA,0,Insectes en vrac,-30.60106,-71.19901
Sandra Gallegos Becerra EIRL,0,Protéines d'insectes pour alimentation animale,-32.45242,-71.23106
Sandra Gallegos Becerra EIRL,0,Barres protéinées,-32.45242,-71.23106
Sandra Gallegos Becerra EIRL,0,Ingrédients protéiques pour nutrition sportive,-32.45242,-71.23106
Sandra Gallegos Becerra EIRL,0,Farine protéique pour alimentation humaine,-32.45242,-71.23106
Sandra Gallegos Becerra EIRL,0,Huile d'insectes,-32.45242,-71.23106
Sandra Gallegos Becerra EIRL,0,Insectes en vrac,-32.45242,-71.23106
Haase,0,Protéines d'insectes pour alimentation animale,54.52156,9.5586
Haase,0,Barres protéinées,54.52156,9.5586
Haase,0,Ingrédients protéiques pour nutrition sportive,54.52156,9.5586
Haase,0,Farine protéique pour alimentation humaine,54.52156,9.5586
Haase,0,Huile d'insectes,54.52156,9.5586
Haase,0,Insectes en vrac,54.52156,9.5586
"Goossens, Bonnet and Bauduin",0,Protéines d'insectes pour alimentation animale,51.24197,4.82313
"Goossens, Bonnet and Bauduin",0,Barres protéinées,51.24197,4.82313
"Goossens, Bonnet and Bauduin",0,Ingrédients protéiques pour nutrition sportive,51.24197,4.82313
"Goossens, Bonnet and Bauduin",0,Farine protéique pour alimentation humaine,51.24197,4.82313
"Goossens, Bonnet and Bauduin",0,Huile d'insectes,51.24197,4.82313
"Goossens, Bonnet and Bauduin",0,Insectes en vrac,51.24197,4.82313
Naser Hethur GmbH,0,Protéines d'insectes pour alimentation animale,48.06919,11.37703
Naser Hethur GmbH,0,Barres protéinées,48.06919,11.37703
Naser Hethur GmbH,0,Ingrédients protéiques pour nutrition sportive,48.06919,11.37703
Naser Hethur GmbH,0,Farine protéique pour alimentation humaine,48.06919,11.37703
Naser Hethur GmbH,0,Huile d'insectes,48.06919,11.37703
Naser Hethur GmbH,0,Insectes en vrac,48.06919,11.37703
Mattila Lahti Ky,0,Protéines d'insectes pour alimentation animale,65.84811,24.14662
Mattila Lahti Ky,0,Barres protéinées,65.84811,24.14662
Mattila Lahti Ky,0,Ingrédients protéiques pour nutrition sportive,65.84811,24.14662
Mattila Lahti Ky,0,Farine protéique pour alimentation humaine,65.84811,24.14662
Mattila Lahti Ky,0,Huile d'insectes,65.84811,24.14662
Mattila Lahti Ky,0,Insectes en vrac,65.84811,24.14662
Volta SPA,0,Protéines d'insectes pour alimentation animale,37.49223,15.07041
Volta SPA,0,Barres protéinées,37.49223,15.07041
Volta SPA,0,Ingrédients protéiques pour nutrition sportive,37.49223,15.07041
Volta SPA,0,Farine protéique pour alimentation humaine,37.49223,15.07041
Volta SPA,0,Huile d'insectes,37.49223,15.07041
Volta SPA,0,Insectes en vrac,37.49223,15.07041
"Wong, Flores and Torres",0,Protéines d'insectes pour alimentation animale,40.72816,-74.07764
"Wong, Flores and Torres",0,Barres protéinées,40.72816,-74.07764
"Wong, Flores and Torres",0,Ingrédients protéiques pour nutrition sportive,40.72816,-74.07764
"Wong, Flores and Torres",0,Farine protéique pour alimentation humaine,40.72816,-74.07764
"Wong, Flores and Torres",0,Huile d'insectes,40.72816,-74.07764
"Wong, Flores and Torres",0,Insectes en vrac,40.72816,-74.07764
Hämäläinen Ahonen ry,0,Protéines d'insectes pour alimentation animale,60.2052,24.6522
Hämäläinen Ahonen ry,0,Barres protéinées,60.2052,24.6522
Hämäläinen Ahonen ry,0,Ingrédients protéiques pour nutrition sportive,60.2052,24.6522
Hämäläinen Ahonen ry,0,Farine protéique pour alimentation humaine,60.2052,24.6522
Hämäläinen Ahonen ry,0,Huile d'insectes,60.2052,24.6522
Hämäläinen Ahonen ry,0,Insectes en vrac,60.2052,24.6522
"Colson, Dupont and Delmotte",0,Protéines d'insectes pour alimentation animale,51.03427,5.37429
"Colson, Dupont and Delmotte",0,Barres protéinées,51.03427,5.37429
"Colson, Dupont and Delmotte",0,Ingrédients protéiques pour nutrition sportive,51.03427,5.37429
"Colson, Dupont and Delmotte",0,Farine protéique pour alimentation humaine,51.03427,5.37429
"Colson, Dupont and Delmotte",0,Huile d'insectes,51.03427,5.37429
"Colson, Dupont and Delmotte",0,Insectes en vrac,51.03427,5.37429
유한회사 조선항공,0,Protéines d'insectes pour alimentation animale,37.1759,128.9889
유한회사 조선항공,0,Barres protéinées,37.1759,128.9889
유한회사 조선항공,0,Ingrédients protéiques pour nutrition sportive,37.1759,128.9889
유한회사 조선항공,0,Farine protéique pour alimentation humaine,37.1759,128.9889
유한회사 조선항공,0,Huile d'insectes,37.1759,128.9889
유한회사 조선항공,0,Insectes en vrac,37.1759,128.9889
国讯传媒有限公司,0,Protéines d'insectes pour alimentation animale,29.98869,122.20488
国讯传媒有限公司,0,Barres protéinées,29.98869,122.20488
国讯传媒有限公司,0,Ingrédients protéiques pour nutrition sportive,29.98869,122.20488
国讯传媒有限公司,0,Farine protéique pour alimentation humaine,29.98869,122.20488
国讯传媒有限公司,0,Huile d'insectes,29.98869,122.20488
国讯传媒有限公司,0,Insectes en vrac,29.98869,122.20488
Tuomi Matilainen Osk,0,Protéines d'insectes pour alimentation animale,65.84811,24.14662
Tuomi Matilainen Osk,0,Barres protéinées,65.84811,24.14662
Tuomi Matilainen Osk,0,Ingrédients protéiques pour nutrition sportive,65.84811,24.14662
Tuomi Matilainen Osk,0,Farine protéique pour alimentation humaine,65.84811,24.14662
Tuomi Matilainen Osk,0,Huile d'insectes,65.84811,24.14662
Tuomi Matilainen Osk,0,Insectes en vrac,65.84811,24.14662
Lopez-Sanchez,0,Protéines d'insectes pour alimentation animale,-34.64167,-60.47389
Lopez-Sanchez,0,Barres protéinées,-34.64167,-60.47389
Lopez-Sanchez,0,Ingrédients protéiques pour nutrition sportive,-34.64167,-60.47389
Lopez-Sanchez,0,Farine protéique pour alimentation humaine,-34.64167,-60.47389
Lopez-Sanchez,0,Huile d'insectes,-34.64167,-60.47389
Lopez-Sanchez,0,Insectes en vrac,-34.64167,-60.47389
Stowarzyszenie Misztela,0,Protéines d'insectes pour alimentation animale,50.31818,19.2374
Stowarzyszenie Misztela,0,Barres protéinées,50.31818,19.2374
Stowarzyszenie Misztela,0,Ingrédients protéiques pour nutrition sportive,50.31818,19.2374
Stowarzyszenie Misztela,0,Farine protéique pour alimentation humaine,50.31818,19.2374
Stowarzyszenie Misztela,0,Huile d'insectes,50.31818,19.2374
Stowarzyszenie Misztela,0,Insectes en vrac,50.31818,19.2374
Strand & Karlsson HB,0,Protéines d'insectes pour alimentation animale,61.72744,17.10558
Strand & Karlsson HB,0,Barres protéinées,61.72744,17.10558
Strand & Karlsson HB,0,Ingrédients protéiques pour nutrition sportive,61.72744,17.10558
Strand & Karlsson HB,0,Farine protéique pour alimentation humaine,61.72744,17.10558
Strand & Karlsson HB,0,Huile d'insectes,61.72744,17.10558
Strand & Karlsson HB,0,Insectes en vrac,61.72744,17.10558
Thomassen-Helland ASA,0,Protéines d'insectes pour alimentation animale,68.79833,16.54165
Thomassen-Helland ASA,0,Barres protéinées,68.79833,16.54165
Thomassen-Helland ASA,0,Ingrédients protéiques pour nutrition sportive,68.79833,16.54165
Thomassen-Helland ASA,0,Farine protéique pour alimentation humaine,68.79833,16.54165
Thomassen-Helland ASA,0,Huile d'insectes,68.79833,16.54165
Thomassen-Helland ASA,0,Insectes en vrac,68.79833,16.54165
Cook LLC,0,Protéines d'insectes pour alimentation animale,-44.39672,171.25364
Cook LLC,0,Barres protéinées,-44.39672,171.25364
Cook LLC,0,Ingrédients protéiques pour nutrition sportive,-44.39672,171.25364
Cook LLC,0,Farine protéique pour alimentation humaine,-44.39672,171.25364
Cook LLC,0,Huile d'insectes,-44.39672,171.25364
Cook LLC,0,Insectes en vrac,-44.39672,171.25364
Soares,0,Protéines d'insectes pour alimentation animale,38.72706,-9.24671
Soares,0,Barres protéinées,38.72706,-9.24671
Soares,0,Ingrédients protéiques pour nutrition sportive,38.72706,-9.24671
Soares,0,Farine protéique pour alimentation humaine,38.72706,-9.24671
Soares,0,Huile d'insectes,38.72706,-9.24671
Soares,0,Insectes en vrac,38.72706,-9.24671
Barbu LOC,0,Protéines d'insectes pour alimentation animale,44.43579,26.01649
Barbu LOC,0,Barres protéinées,44.43579,26.01649
Barbu LOC,0,Ingrédients protéiques pour nutrition sportive,44.43579,26.01649
Barbu LOC,0,Farine protéique pour alimentation humaine,44.43579,26.01649
Barbu LOC,0,Huile d'insectes,44.43579,26.01649
Barbu LOC,0,Insectes en vrac,44.43579,26.01649
网新恒天信息有限公司,0,Protéines d'insectes pour alimentation animale,41.27194,123.17306
网新恒天信息有限公司,0,Barres protéinées,41.27194,123.17306
网新恒天信息有限公司,0,Ingrédients protéiques pour nutrition sportive,41.27194,123.17306
网新恒天信息有限公司,0,Farine protéique pour alimentation humaine,41.27194,123.17306
网新恒天信息有限公司,0,Huile d'insectes,41.27194,123.17306
网新恒天信息有限公司,0,Insectes en vrac,41.27194,123.17306
Nguyen og Sønner,0,Protéines d'insectes pour alimentation animale,68.79833,16.54165
Nguyen og Sønner,0,Barres protéinées,68.79833,16.54165
Nguyen og Sønner,0,Ingrédients protéiques pour nutrition sportive,68.79833,16.54165
Nguyen og Sønner,0,Farine protéique pour alimentation humaine,68.79833,16.54165
Nguyen og Sønner,0,Huile d'insectes,68.79833,16.54165
Nguyen og Sønner,0,Insectes en vrac,68.79833,16.54165
Seiler & Cie.,0,Protéines d'insectes pour alimentation animale,47.30997,8.52462
Seiler & Cie.,0,Barres protéinées,47.30997,8.52462
Seiler & Cie.,0,Ingrédients protéiques pour nutrition sportive,47.30997,8.52462
Seiler & Cie.,0,Farine protéique pour alimentation humaine,47.30997,8.52462
Seiler & Cie.,0,Huile d'insectes,47.30997,8.52462
Seiler & Cie.,0,Insectes en vrac,47.30997,8.52462
"Perry, Richards and Holdaway",0,Protéines d'insectes pour alimentation animale,-44.39672,171.25364
"Perry, Richards and Holdaway",0,Barres protéinées,-44.39672,171.25364
"Perry, Richards and Holdaway",0,Ingrédients protéiques pour nutrition sportive,-44.39672,171.25364
"Perry, Richards and Holdaway",0,Farine protéique pour alimentation humaine,-44.39672,171.25364
"Perry, Richards and Holdaway",0,Huile d'insectes,-44.39672,171.25364
"Perry, Richards and Holdaway",0,Insectes en vrac,-44.39672,171.25364
Stowarzyszenie Fronczyk,0,Protéines d'insectes pour alimentation animale,52.73679,15.22878
Stowarzyszenie Fronczyk,0,Barres protéinées,52.73679,15.22878
Stowarzyszenie Fronczyk,0,Ingrédients protéiques pour nutrition sportive,52.73679,15.22878
Stowarzyszenie Fronczyk,0,Farine protéique pour alimentation humaine,52.73679,15.22878
Stowarzyszenie Fronczyk,0,Huile d'insectes,52.73679,15.22878
Stowarzyszenie Fronczyk,0,Insectes en vrac,52.73679,15.22878
Ioniță RA,0,Protéines d'insectes pour alimentation animale,44.43579,26.01649
Ioniță RA,0,Barres protéinées,44.43579,26.01649
Ioniță RA,0,Ingrédients protéiques pour nutrition sportive,44.43579,26.01649
Ioniță RA,0,Farine protéique pour alimentation humaine,44.43579,26.01649
Ioniță RA,0,Huile d'insectes,44.43579,26.01649
Ioniță RA,0,Insectes en vrac,44.43579,26.01649
Nistor OC3,0,Protéines d'insectes pour alimentation animale,44.43579,26.01649
Nistor OC3,0,Barres protéinées,44.43579,26.01649
Nistor OC3,0,Ingrédients protéiques pour nutrition sportive,44.43579,26.01649
Nistor OC3,0,Farine protéique pour alimentation humaine,44.43579,26.01649
Nistor OC3,0,Huile d'insectes,44.43579,26.01649
Nistor OC3,0,Insectes en vrac,44.43579,26.01649
Rodríguez S.A.,0,Protéines d'insectes pour alimentation animale,-32.45242,-71.23106
Rodríguez S.A.,0,Barres protéinées,-32.45242,-71.23106
Rodríguez S.A.,0,Ingrédients protéiques pour nutrition sportive,-32.45242,-71.23106
Rodríguez S.A.,0,Farine protéique pour alimentation humaine,-32.45242,-71.23106
Rodríguez S.A.,0,Huile d'insectes,-32.45242,-71.23106
Rodríguez S.A.,0,Insectes en vrac,-32.45242,-71.23106
"Pereyra, Ferreyra and Lopez",0,Protéines d'insectes pour alimentation animale,-31.4488,-60.93173
"Pereyra, Ferreyra and Lopez",0,Barres protéinées,-31.4488,-60.93173
"Pereyra, Ferreyra and Lopez",0,Ingrédients protéiques pour nutrition sportive,-31.4488,-60.93173
"Pereyra, Ferreyra and Lopez",0,Farine protéique pour alimentation humaine,-31.4488,-60.93173
"Pereyra, Ferreyra and Lopez",0,Huile d'insectes,-31.4488,-60.93173
"Pereyra, Ferreyra and Lopez",0,Insectes en vrac,-31.4488,-60.93173
Frei AG,0,Protéines d'insectes pour alimentation animale,46.18396,6.10237
Frei AG,0,Barres protéinées,46.18396,6.10237
Frei AG,0,Ingrédients protéiques pour nutrition sportive,46.18396,6.10237
Frei AG,0,Farine protéique pour alimentation humaine,46.18396,6.10237
Frei AG,0,Huile d'insectes,46.18396,6.10237
Frei AG,0,Insectes en vrac,46.18396,6.10237
(주) 씨앤씨플랫폼,0,Protéines d'insectes pour alimentation animale,36.82167,128.63083
(주) 씨앤씨플랫폼,0,Barres protéinées,36.82167,128.63083
(주) 씨앤씨플랫폼,0,Ingrédients protéiques pour nutrition sportive,36.82167,128.63083
(주) 씨앤씨플랫폼,0,Farine protéique pour alimentation humaine,36.82167,128.63083
(주) 씨앤씨플랫폼,0,Huile d'insectes,36.82167,128.63083
(주) 씨앤씨플랫폼,0,Insectes en vrac,36.82167,128.63083
Karels & Ulrich,0,Protéines d'insectes pour alimentation animale,53.16167,6.76111
Karels & Ulrich,0,Barres protéinées,53.16167,6.76111
Karels & Ulrich,0,Ingrédients protéiques pour nutrition sportive,53.16167,6.76111
Karels & Ulrich,0,Farine protéique pour alimentation humaine,53.16167,6.76111
Karels & Ulrich,0,Huile d'insectes,53.16167,6.76111
Karels & Ulrich,0,Insectes en vrac,53.16167,6.76111
有限会社井上銀行,0,Protéines d'insectes pour alimentation animale,35.82756,137.95378
有限会社井上銀行,0,Barres protéinées,35.82756,137.95378
有限会社井上銀行,0,Ingrédients protéiques pour nutrition sportive,35.82756,137.95378
有限会社井上銀行,0,Farine protéique pour alimentation humaine,35.82756,137.95378
有限会社井上銀行,0,Huile d'insectes,35.82756,137.95378
有限会社井上銀行,0,Insectes en vrac,35.82756,137.95378
Bradley-Savage,0,Protéines d'insectes pour alimentation animale,50.76306,-1.29772
Bradley-Savage,0,Barres protéinées,50.76306,-1.29772
Bradley-Savage,0,Ingrédients protéiques pour nutrition sportive,50.76306,-1.29772
Bradley-Savage,0,Farine protéique pour alimentation humaine,50.76306,-1.29772
Bradley-Savage,0,Huile d'insectes,50.76306,-1.29772
Bradley-Savage,0,Insectes en vrac,50.76306,-1.29772
Snyder-Hamilton,0,Protéines d'insectes pour alimentation animale,-25.54073,152.70493
Snyder-Hamilton,0,Barres protéinées,-25.54073,152.70493
Snyder-Hamilton,0,Ingrédients protéiques pour nutrition sportive,-25.54073,152.70493
Snyder-Hamilton,0,Farine protéique pour alimentation humaine,-25.54073,152.70493
Snyder-Hamilton,0,Huile d'insectes,-25.54073,152.70493
Snyder-Hamilton,0,Insectes en vrac,-25.54073,152.70493
Sedláková s.r.o.,0,Protéines d'insectes pour alimentation animale,50.76638,15.054439
Sedláková s.r.o.,0,Barres protéinées,50.76638,15.054439
Sedláková s.r.o.,0,Ingrédients protéiques pour nutrition sportive,50.76638,15.054439
Sedláková s.r.o.,0,Farine protéique pour alimentation humaine,50.76638,15.054439
Sedláková s.r.o.,0,Huile d'insectes,50.76638,15.054439
Sedláková s.r.o.,0,Insectes en vrac,50.76638,15.054439
Andrés Berríos E.I.R.L.,0,Protéines d'insectes pour alimentation animale,-32.45242,-71.23106
Andrés Berríos E.I.R.L.,0,Barres protéinées,-32.45242,-71.23106
Andrés Berríos E.I.R.L.,0,Ingrédients protéiques pour nutrition sportive,-32.45242,-71.23106
Andrés Berríos E.I.R.L.,0,Farine protéique pour alimentation humaine,-32.45242,-71.23106
Andrés Berríos E.I.R.L.,0,Huile d'insectes,-32.45242,-71.23106
Andrés Berríos E.I.R.L.,0,Insectes en vrac,-32.45242,-71.23106
Palmira Benavente Orozco S.Com.,0,Protéines d'insectes pour alimentation animale,38.47917,-1.325
Palmira Benavente Orozco S.Com.,0,Barres protéinées,38.47917,-1.325
Palmira Benavente Orozco S.Com.,0,Ingrédients protéiques pour nutrition sportive,38.47917,-1.325
Palmira Benavente Orozco S.Com.,0,Farine protéique pour alimentation humaine,38.47917,-1.325
Palmira Benavente Orozco S.Com.,0,Huile d'insectes,38.47917,-1.325
Palmira Benavente Orozco S.Com.,0,Insectes en vrac,38.47917,-1.325
Sauvage,0,Protéines d'insectes pour alimentation animale,43.71032,-1.05366
Sauvage,0,Barres protéinées,43.71032,-1.05366
Sauvage,0,Ingrédients protéiques pour nutrition sportive,43.71032,-1.05366
Sauvage,0,Farine protéique pour alimentation humaine,43.71032,-1.05366
Sauvage,0,Huile d'insectes,43.71032,-1.05366
Sauvage,0,Insectes en vrac,43.71032,-1.05366
"Russo, Patterson and Garner",0,Protéines d'insectes pour alimentation animale,49.88307,-119.48568
"Russo, Patterson and Garner",0,Barres protéinées,49.88307,-119.48568
"Russo, Patterson and Garner",0,Ingrédients protéiques pour nutrition sportive,49.88307,-119.48568
"Russo, Patterson and Garner",0,Farine protéique pour alimentation humaine,49.88307,-119.48568
"Russo, Patterson and Garner",0,Huile d'insectes,49.88307,-119.48568
"Russo, Patterson and Garner",0,Insectes en vrac,49.88307,-119.48568
Graf Erni & Cie.,0,Protéines d'insectes pour alimentation animale,46.18396,6.10237
Graf Erni & Cie.,0,Barres protéinées,46.18396,6.10237
Graf Erni & Cie.,0,Ingrédients protéiques pour nutrition sportive,46.18396,6.10237
Graf Erni & Cie.,0,Farine protéique pour alimentation humaine,46.18396,6.10237
Graf Erni & Cie.,0,Huile d'insectes,46.18396,6.10237
Graf Erni & Cie.,0,Insectes en vrac,46.18396,6.10237
Roos Bühlmann GmbH,0,Protéines d'insectes pour alimentation animale,47.30997,8.52462
Roos Bühlmann GmbH,0,Barres protéinées,47.30997,8.52462
Roos Bühlmann GmbH,0,Ingrédients protéiques pour nutrition sportive,47.30997,8.52462
Roos Bühlmann GmbH,0,Farine protéique pour alimentation humaine,47.30997,8.52462
Roos Bühlmann GmbH,0,Huile d'insectes,47.30997,8.52462
Roos Bühlmann GmbH,0,Insectes en vrac,47.30997,8.52462
Koźlak S.A.,0,Protéines d'insectes pour alimentation animale,53.13333,23.16433
Koźlak S.A.,0,Barres protéinées,53.13333,23.16433
Koźlak S.A.,0,Ingrédients protéiques pour nutrition sportive,53.13333,23.16433
Koźlak S.A.,0,Farine protéique pour alimentation humaine,53.13333,23.16433
Koźlak S.A.,0,Huile d'insectes,53.13333,23.16433
Koźlak S.A.,0,Insectes en vrac,53.13333,23.16433
岡本通信株式会社,0,Protéines d'insectes pour alimentation animale,35.48199,137.02166
岡本通信株式会社,0,Barres protéinées,35.48199,137.02166
岡本通信株式会社,0,Ingrédients protéiques pour nutrition sportive,35.48199,137.02166
岡本通信株式会社,0,Farine protéique pour alimentation humaine,35.48199,137.02166
岡本通信株式会社,0,Huile d'insectes,35.48199,137.02166
岡本通信株式会社,0,Insectes en vrac,35.48199,137.02166
新宇龙信息科技有限公司,0,Protéines d'insectes pour alimentation animale,35.50056,117.63083
新宇龙信息科技有限公司,0,Barres protéinées,35.50056,117.63083
新宇龙信息科技有限公司,0,Ingrédients protéiques pour nutrition sportive,35.50056,117.63083
新宇龙信息科技有限公司,0,Farine protéique pour alimentation humaine,35.50056,117.63083
新宇龙信息科技有限公司,0,Huile d'insectes,35.50056,117.63083
新宇龙信息科技有限公司,0,Insectes en vrac,35.50056,117.63083
Suarez Group,0,Protéines d'insectes pour alimentation animale,-31.25033,-61.4867
Suarez Group,0,Barres protéinées,-31.25033,-61.4867
Suarez Group,0,Ingrédients protéiques pour nutrition sportive,-31.25033,-61.4867
Suarez Group,0,Farine protéique pour alimentation humaine,-31.25033,-61.4867
Suarez Group,0,Huile d'insectes,-31.25033,-61.4867
Suarez Group,0,Insectes en vrac,-31.25033,-61.4867
Slavíková a.s.,0,Protéines d'insectes pour alimentation animale,50.76638,15.054439
Slavíková a.s.,0,Barres protéinées,50.76638,15.054439
Slavíková a.s.,0,Ingrédients protéiques pour nutrition sportive,50.76638,15.054439
Slavíková a.s.,0,Farine protéique pour alimentation humaine,50.76638,15.054439
Slavíková a.s.,0,Huile d'insectes,50.76638,15.054439
Slavíková a.s.,0,Insectes en vrac,50.76638,15.054439
Joly,0,Protéines d'insectes pour alimentation animale,48.0,-4.1
Joly,0,Barres protéinées,48.0,-4.1
Joly,0,Ingrédients protéiques pour nutrition sportive,48.0,-4.1
Joly,0,Farine protéique pour alimentation humaine,48.0,-4.1
Joly,0,Huile d'insectes,48.0,-4.1
Joly,0,Insectes en vrac,48.0,-4.1
"Eloy, Collin and Clément",0,Protéines d'insectes pour alimentation animale,50.8,3.16667
"Eloy, Collin and Clément",0,Barres protéinées,50.8,3.16667
"Eloy, Collin and Clément",0,Ingrédients protéiques pour nutrition sportive,50.8,3.16667
"Eloy, Collin and Clément",0,Farine protéique pour alimentation humaine,50.8,3.16667
"Eloy, Collin and Clément",0,Huile d'insectes,50.8,3.16667
"Eloy, Collin and Clément",0,Insectes en vrac,50.8,3.16667
Näslund AB,0,Protéines d'insectes pour alimentation animale,59.33333,18.28333
Näslund AB,0,Barres protéinées,59.33333,18.28333
Näslund AB,0,Ingrédients protéiques pour nutrition sportive,59.33333,18.28333
Näslund AB,0,Farine protéique pour alimentation humaine,59.33333,18.28333
Näslund AB,0,Huile d'insectes,59.33333,18.28333
Näslund AB,0,Insectes en vrac,59.33333,18.28333
Leoncio Estrada Chaves S.Coop.,0,Protéines d'insectes pour alimentation animale,41.91738,3.1631
Leoncio Estrada Chaves S.Coop.,0,Barres protéinées,41.91738,3.1631
Leoncio Estrada Chaves S.Coop.,0,Ingrédients protéiques pour nutrition sportive,41.91738,3.1631
Leoncio Estrada Chaves S.Coop.,0,Farine protéique pour alimentation humaine,41.91738,3.1631
Leoncio Estrada Chaves S.Coop.,0,Huile d'insectes,41.91738,3.1631
Leoncio Estrada Chaves S.Coop.,0,Insectes en vrac,41.91738,3.1631
Srinivasan Inc,0,Protéines d'insectes pour alimentation animale,24.05979,77.40858
Srinivasan Inc,0,Barres protéinées,24.05979,77.40858
Srinivasan Inc,0,Ingrédients protéiques pour nutrition sportive,24.05979,77.40858
Srinivasan Inc,0,Farine protéique pour alimentation humaine,24.05979,77.40858
Srinivasan Inc,0,Huile d'insectes,24.05979,77.40858
Srinivasan Inc,0,Insectes en vrac,24.05979,77.40858
Wettstein Beck AG,0,Protéines d'insectes pour alimentation animale,47.30997,8.52462
Wettstein Beck AG,0,Barres protéinées,47.30997,8.52462
Wettstein Beck AG,0,Ingrédients protéiques pour nutrition sportive,47.30997,8.52462
Wettstein Beck AG,0,Farine protéique pour alimentation humaine,47.30997,8.52462
Wettstein Beck AG,0,Huile d'insectes,47.30997,8.52462
Wettstein Beck AG,0,Insectes en vrac,47.30997,8.52462
Lelièvre,0,Protéines d'insectes pour alimentation animale,44.80477,-0.59543
Lelièvre,0,Barres protéinées,44.80477,-0.59543
Lelièvre,0,Ingrédients protéiques pour nutrition sportive,44.80477,-0.59543
Lelièvre,0,Farine protéique pour alimentation humaine,44.80477,-0.59543
Lelièvre,0,Huile d'insectes,44.80477,-0.59543
Lelièvre,0,Insectes en vrac,44.80477,-0.59543
Dušek Bílek v.o.s.,0,Protéines d'insectes pour alimentation animale,48.75324,16.882617
Dušek Bílek v.o.s.,0,Barres protéinées,48.75324,16.882617
Dušek Bílek v.o.s.,0,Ingrédients protéiques pour nutrition sportive,48.75324,16.882617
Dušek Bílek v.o.s.,0,Farine protéique pour alimentation humaine,48.75324,16.882617
Dušek Bílek v.o.s.,0,Huile d'insectes,48.75324,16.882617
Dušek Bílek v.o.s.,0,Insectes en vrac,48.75324,16.882617
Maldonado LLC,0,Protéines d'insectes pour alimentation animale,41.84364,-87.71255
Maldonado LLC,0,Barres protéinées,41.84364,-87.71255
Maldonado LLC,0,Ingrédients protéiques pour nutrition sportive,41.84364,-87.71255
Maldonado LLC,0,Farine protéique pour alimentation humaine,41.84364,-87.71255
Maldonado LLC,0,Huile d'insectes,41.84364,-87.71255
Maldonado LLC,0,Insectes en vrac,41.84364,-87.71255
Schäfer & Cie.,0,Protéines d'insectes pour alimentation animale,47.30997,8.52462
Schäfer & Cie.,0,Barres protéinées,47.30997,8.52462
Schäfer & Cie.,0,Ingrédients protéiques pour nutrition sportive,47.30997,8.52462
Schäfer & Cie.,0,Farine protéique pour alimentation humaine,47.30997,8.52462
Schäfer & Cie.,0,Huile d'insectes,47.30997,8.52462
Schäfer & Cie.,0,Insectes en vrac,47.30997,8.52462
"Bourgondië, van Groep",0,Protéines d'insectes pour alimentation animale,53.16167,6.76111
"Bourgondië, van Groep",0,Barres protéinées,53.16167,6.76111
"Bourgondië, van Groep",0,Ingrédients protéiques pour nutrition sportive,53.16167,6.76111
"Bourgondië, van Groep",0,Farine protéique pour alimentation humaine,53.16167,6.76111
"Bourgondië, van Groep",0,Huile d'insectes,53.16167,6.76111
"Bourgondië, van Groep",0,Insectes en vrac,53.16167,6.76111
Bello Limitada,0,Protéines d'insectes pour alimentation animale,-33.59217,-70.6996
Bello Limitada,0,Barres protéinées,-33.59217,-70.6996
Bello Limitada,0,Ingrédients protéiques pour nutrition sportive,-33.59217,-70.6996
Bello Limitada,0,Farine protéique pour alimentation humaine,-33.59217,-70.6996
Bello Limitada,0,Huile d'insectes,-33.59217,-70.6996
Bello Limitada,0,Insectes en vrac,-33.59217,-70.6996
Eberharter AG,0,Protéines d'insectes pour alimentation animale,48.25,16.4
Eberharter AG,0,Barres protéinées,48.25,16.4
Eberharter AG,0,Ingrédients protéiques pour nutrition sportive,48.25,16.4
Eberharter AG,0,Farine protéique pour alimentation humaine,48.25,16.4
Eberharter AG,0,Huile d'insectes,48.25,16.4
Eberharter AG,0,Insectes en vrac,48.25,16.4
"Bertolucci, Dalla e Parmitano Group",0,Protéines d'insectes pour alimentation animale,45.39402,9.29109
"Bertolucci, Dalla e Parmitano Group",0,Barres protéinées,45.39402,9.29109
"Bertolucci, Dalla e Parmitano Group",0,Ingrédients protéiques pour nutrition sportive,45.39402,9.29109
"Bertolucci, Dalla e Parmitano Group",0,Farine protéique pour alimentation humaine,45.39402,9.29109
"Bertolucci, Dalla e Parmitano Group",0,Huile d'insectes,45.39402,9.29109
"Bertolucci, Dalla e Parmitano Group",0,Insectes en vrac,45.39402,9.29109
Halder LLC,0,Protéines d'insectes pour alimentation animale,9.82564,78.25795
Halder LLC,0,Barres protéinées,9.82564,78.25795
Halder LLC,0,Ingrédients protéiques pour nutrition sportive,9.82564,78.25795
Halder LLC,0,Farine protéique pour alimentation humaine,9.82564,78.25795
Halder LLC,0,Huile d'insectes,9.82564,78.25795
Halder LLC,0,Insectes en vrac,9.82564,78.25795
Henderson-Green,0,Protéines d'insectes pour alimentation animale,-38.65333,178.00417
Henderson-Green,0,Barres protéinées,-38.65333,178.00417
Henderson-Green,0,Ingrédients protéiques pour nutrition sportive,-38.65333,178.00417
Henderson-Green,0,Farine protéique pour alimentation humaine,-38.65333,178.00417
Henderson-Green,0,Huile d'insectes,-38.65333,178.00417
Henderson-Green,0,Insectes en vrac,-38.65333,178.00417
Švec,0,Protéines d'insectes pour alimentation animale,49.682031,18.367422
Švec,0,Barres protéinées,49.682031,18.367422
Švec,0,Ingrédients protéiques pour nutrition sportive,49.682031,18.367422
Švec,0,Farine protéique pour alimentation humaine,49.682031,18.367422
Švec,0,Huile d'insectes,49.682031,18.367422
Švec,0,Insectes en vrac,49.682031,18.367422
Krauz Sp. z o.o. Sp.k.,0,Protéines d'insectes pour alimentation animale,52.64817,19.0678
Krauz Sp. z o.o. Sp.k.,0,Barres protéinées,52.64817,19.0678
Krauz Sp. z o.o. Sp.k.,0,Ingrédients protéiques pour nutrition sportive,52.64817,19.0678
Krauz Sp. z o.o. Sp.k.,0,Farine protéique pour alimentation humaine,52.64817,19.0678
Krauz Sp. z o.o. Sp.k.,0,Huile d'insectes,52.64817,19.0678
Krauz Sp. z o.o. Sp.k.,0,Insectes en vrac,52.64817,19.0678
Thompson and Sons,0,Protéines d'insectes pour alimentation animale,-38.65333,178.00417
Thompson and Sons,0,Barres protéinées,-38.65333,178.00417
Thompson and Sons,0,Ingrédients protéiques pour nutrition sportive,-38.65333,178.00417
Thompson and Sons,0,Farine protéique pour alimentation humaine,-38.65333,178.00417
Thompson and Sons,0,Huile d'insectes,-38.65333,178.00417
Thompson and Sons,0,Insectes en vrac,-38.65333,178.00417
Marcela Flor Gálvez Soto EIRL,0,Protéines d'insectes pour alimentation animale,-30.60106,-71.19901
Marcela Flor Gálvez Soto EIRL,0,Barres protéinées,-30.60106,-71.19901
Marcela Flor Gálvez Soto EIRL,0,Ingrédients protéiques pour nutrition sportive,-30.60106,-71.19901
Marcela Flor Gálvez Soto EIRL,0,Farine protéique pour alimentation humaine,-30.60106,-71.19901
Marcela Flor Gálvez Soto EIRL,0,Huile d'insectes,-30.60106,-71.19901
Marcela Flor Gálvez Soto EIRL,0,Insectes en vrac,-30.60106,-71.19901
Marchand-Parent,0,Protéines d'insectes pour alimentation animale,50.74497,3.20639
Marchand-Parent,0,Barres protéinées,50.74497,3.20639
Marchand-Parent,0,Ingrédients protéiques pour nutrition sportive,50.74497,3.20639
Marchand-Parent,0,Farine protéique pour alimentation humaine,50.74497,3.20639
Marchand-Parent,0,Huile d'insectes,50.74497,3.20639
Marchand-Parent,0,Insectes en vrac,50.74497,3.20639
Tynan and Sons,0,Protéines d'insectes pour alimentation animale,53.525932,-7.338138
Tynan and Sons,0,Barres protéinées,53.525932,-7.338138
Tynan and Sons,0,Ingrédients protéiques pour nutrition sportive,53.525932,-7.338138
Tynan and Sons,0,Farine protéique pour alimentation humaine,53.525932,-7.338138
Tynan and Sons,0,Huile d'insectes,53.525932,-7.338138
Tynan and Sons,0,Insectes en vrac,53.525932,-7.338138
Bradshaw-Ashley,0,Protéines d'insectes pour alimentation animale,37.71715,-122.40433
Bradshaw-Ashley,0,Barres protéinées,37.71715,-122.40433
Bradshaw-Ashley,0,Ingrédients protéiques pour nutrition sportive,37.71715,-122.40433
Bradshaw-Ashley,0,Farine protéique pour alimentation humaine,37.71715,-122.40433
Bradshaw-Ashley,0,Huile d'insectes,37.71715,-122.40433
Bradshaw-Ashley,0,Insectes en vrac,37.71715,-122.40433
Hermighausen AG,0,Protéines d'insectes pour alimentation animale,52.47774,10.5511
Hermighausen AG,0,Barres protéinées,52.47774,10.5511
Hermighausen AG,0,Ingrédients protéiques pour nutrition sportive,52.47774,10.5511
Hermighausen AG,0,Farine protéique pour alimentation humaine,52.47774,10.5511
Hermighausen AG,0,Huile d'insectes,52.47774,10.5511
Hermighausen AG,0,Insectes en vrac,52.47774,10.5511
Guillaume Inc,0,Protéines d'insectes pour alimentation animale,50.74497,3.20639
Guillaume Inc,0,Barres protéinées,50.74497,3.20639
Guillaume Inc,0,Ingrédients protéiques pour nutrition sportive,50.74497,3.20639
Guillaume Inc,0,Farine protéique pour alimentation humaine,50.74497,3.20639
Guillaume Inc,0,Huile d'insectes,50.74497,3.20639
Guillaume Inc,0,Insectes en vrac,50.74497,3.20639
Mayrhofer Pinter AG,0,Protéines d'insectes pour alimentation animale,47.05,15.46667
Mayrhofer Pinter AG,0,Barres protéinées,47.05,15.46667
Mayrhofer Pinter AG,0,Ingrédients protéiques pour nutrition sportive,47.05,15.46667
Mayrhofer Pinter AG,0,Farine protéique pour alimentation humaine,47.05,15.46667
Mayrhofer Pinter AG,0,Huile d'insectes,47.05,15.46667
Mayrhofer Pinter AG,0,Insectes en vrac,47.05,15.46667
Järvinen Savolainen Osk,0,Protéines d'insectes pour alimentation animale,65.84811,24.14662
Järvinen Savolainen Osk,0,Barres protéinées,65.84811,24.14662
Järvinen Savolainen Osk,0,Ingrédients protéiques pour nutrition sportive,65.84811,24.14662
Järvinen Savolainen Osk,0,Farine protéique pour alimentation humaine,65.84811,24.14662
Järvinen Savolainen Osk,0,Huile d'insectes,65.84811,24.14662
Järvinen Savolainen Osk,0,Insectes en vrac,65.84811,24.14662
Knecht Lanz AG,0,Protéines d'insectes pour alimentation animale,46.18396,6.10237
Knecht Lanz AG,0,Barres protéinées,46.18396,6.10237
Knecht Lanz AG,0,Ingrédients protéiques pour nutrition sportive,46.18396,6.10237
Knecht Lanz AG,0,Farine protéique pour alimentation humaine,46.18396,6.10237
Knecht Lanz AG,0,Huile d'insectes,46.18396,6.10237
Knecht Lanz AG,0,Insectes en vrac,46.18396,6.10237
"Read, Knowles and Boyle",0,Protéines d'insectes pour alimentation animale,-38.65333,178.00417
"Read, Knowles and Boyle",0,Barres protéinées,-38.65333,178.00417
"Read, Knowles and Boyle",0,Ingrédients protéiques pour nutrition sportive,-38.65333,178.00417
"Read, Knowles and Boyle",0,Farine protéique pour alimentation humaine,-38.65333,178.00417
"Read, Knowles and Boyle",0,Huile d'insectes,-38.65333,178.00417
"Read, Knowles and Boyle",0,Insectes en vrac,-38.65333,178.00417
Pedersen-Christensen Gruppen,0,Protéines d'insectes pour alimentation animale,68.79833,16.54165
Pedersen-Christensen Gruppen,0,Barres protéinées,68.79833,16.54165
Pedersen-Christensen Gruppen,0,Ingrédients protéiques pour nutrition sportive,68.79833,16.54165
Pedersen-Christensen Gruppen,0,Farine protéique pour alimentation humaine,68.79833,16.54165
Pedersen-Christensen Gruppen,0,Huile d'insectes,68.79833,16.54165
Pedersen-Christensen Gruppen,0,Insectes en vrac,68.79833,16.54165
Karlsen A/S,0,Protéines d'insectes pour alimentation animale,55.67938,12.53463
Karlsen A/S,0,Barres protéinées,55.67938,12.53463
Karlsen A/S,0,Ingrédients protéiques pour nutrition sportive,55.67938,12.53463
Karlsen A/S,0,Farine protéique pour alimentation humaine,55.67938,12.53463
Karlsen A/S,0,Huile d'insectes,55.67938,12.53463
Karlsen A/S,0,Insectes en vrac,55.67938,12.53463
Liljegren Larsson HB,0,Protéines d'insectes pour alimentation animale,61.72744,17.10558
Liljegren Larsson HB,0,Barres protéinées,61.72744,17.10558
Liljegren Larsson HB,0,Ingrédients protéiques pour nutrition sportive,61.72744,17.10558
Liljegren Larsson HB,0,Farine protéique pour alimentation humaine,61.72744,17.10558
Liljegren Larsson HB,0,Huile d'insectes,61.72744,17.10558
Liljegren Larsson HB,0,Insectes en vrac,61.72744,17.10558
Monfort-Léonard,0,Protéines d'insectes pour alimentation animale,51.12794,4.21372
Monfort-Léonard,0,Barres protéinées,51.12794,4.21372
Monfort-Léonard,0,Ingrédients protéiques pour nutrition sportive,51.12794,4.21372
Monfort-Léonard,0,Farine protéique pour alimentation humaine,51.12794,4.21372
Monfort-Léonard,0,Huile d'insectes,51.12794,4.21372
Monfort-Léonard,0,Insectes en vrac,51.12794,4.21372
Cantón y asociados S.Com.,0,Protéines d'insectes pour alimentation animale,38.96667,-0.18333
Cantón y asociados S.Com.,0,Barres protéinées,38.96667,-0.18333
Cantón y asociados S.Com.,0,Ingrédients protéiques pour nutrition sportive,38.96667,-0.18333
Cantón y asociados S.Com.,0,Farine protéique pour alimentation humaine,38.96667,-0.18333
Cantón y asociados S.Com.,0,Huile d'insectes,38.96667,-0.18333
Cantón y asociados S.Com.,0,Insectes en vrac,38.96667,-0.18333
Stichting Scheer,0,Protéines d'insectes pour alimentation animale,51.65333,5.2875
Stichting Scheer,0,Barres protéinées,51.65333,5.2875
Stichting Scheer,0,Ingrédients protéiques pour nutrition sportive,51.65333,5.2875
Stichting Scheer,0,Farine protéique pour alimentation humaine,51.65333,5.2875
Stichting Scheer,0,Huile d'insectes,51.65333,5.2875
Stichting Scheer,0,Insectes en vrac,51.65333,5.2875
